﻿分公司,车间,装置,设备,电机功率,是否变频,电机驱动端轴承形式,电机驱动端轴承型号,电机非驱动端轴承形式,电机非驱动端轴承型号,电机驱动端轴承形式,电机驱动端轴承型号,电机非驱动端轴承形式,电机非驱动端轴承型号,额定转速,泵振动速度高报值,泵振动速度高高报值
独山子石化分公司,炼油厂催化裂化联合车间,一催化装置/气分装置,丙烯精馏塔Ⅰ顶回流泵B-2041,75KW,否,,,,,滚动轴承,7312,滚动轴承,NJ2312,2980r/min,4.5mm/s,7.1mm/s
独山子石化分公司,炼油厂催化裂化联合车间,一催化装置/气分装置,丙烯精馏塔Ⅰ顶回流泵B-2042,90KW,否,,,,,滚动轴承,7317,滚动轴承,N317,2980r/min,4.5mm/s,7.1mm/s
独山子石化分公司,炼油厂催化裂化联合车间,一催化装置/气分装置,丙烯精馏塔Ⅱ顶回流泵B-2051,75KW,是,,,,,滚动轴承,7312,滚动轴承,NJ2312,2980r/min,4.5mm/s,7.1mm/s
独山子石化分公司,炼油厂催化裂化联合车间,一催化装置/气分装置,丙烯精馏塔Ⅱ顶回流泵B-2052,90KW,否,,,,,滚动轴承,7317,滚动轴承,N317,2980r/min,4.5mm/s,7.1mm/s
独山子石化分公司,炼油厂催化裂化联合车间,一催化装置/气分装置,回炼油泵B-2061,75KW,否,,,,,滚动轴承,7314BECB,滚动轴承,6215,2980r/min,4.5mm/s,7.1mm/s
独山子石化分公司,炼油厂催化裂化联合车间,一催化装置/气分装置,回炼油泵B-2062,75KW,否,,,,,滚动轴承,7314BECB,滚动轴承,6215,2980r/min,4.5mm/s,7.1mm/s
独山子石化分公司,炼油厂催化裂化联合车间,一催化装置/气分装置,脱丙烷塔回流泵B-2021,110KW,否,滚动轴承,6316C3,滚动轴承,6316C3,滚动轴承,7314BECB,滚动轴承,6215,2982r/min,4.5mm/s,7.1mm/s
独山子石化分公司,炼油厂催化裂化联合车间,一催化装置/气分装置,脱丙烷塔回流泵B-2022,110KW,否,滚动轴承,6316C3,滚动轴承,6316C3,滚动轴承,7314BECB,滚动轴承,6215,2982r/min,4.5mm/s,7.1mm/s
独山子石化分公司,炼油厂催化裂化联合车间,一催化装置/气分装置,脱丙烷塔回流泵B-2023,30KW,否,,,,,,,,,2980r/min,4.5mm/s,7.1mm/s
独山子石化分公司,炼油厂催化裂化联合车间,一催化装置/气分装置,脱丙烷塔回流泵B-2024,18.5KW,否,,,,,滚动轴承,7311BDB,滚动轴承,N311,2980r/min,4.5mm/s,7.1mm/s
独山子石化分公司,炼油厂催化裂化联合车间,一催化装置/气分装置,脱丙烷塔进料泵B-2011,75KW,否,,,,,滚动轴承,7314BECB,滚动轴承,N314,2980r/min,4.5mm/s,7.1mm/s
独山子石化分公司,炼油厂催化裂化联合车间,一催化装置/气分装置,脱丙烷塔进料泵B-2012,90KW,否,,,,,,,,,2980r/min,4.5mm/s,7.1mm/s
独山子石化分公司,炼油厂催化裂化联合车间,一催化装置/气分装置,液化气进料泵B-1011,75KW,否,,,,,滚动轴承,7314BECB,滚动轴承,N314,2980r/min,4.5mm/s,7.1mm/s
独山子石化分公司,炼油厂催化裂化联合车间,一催化装置/气分装置,液化气进料泵B-1012,75KW,否,,,,,滚动轴承,7314BECB,滚动轴承,N314,2980r/min,4.5mm/s,7.1mm/s
独山子石化分公司,炼油厂催化裂化联合车间,一催化装置/气分装置,油浆泵B-2071,132KW,否,滚动轴承,6316C3,滚动轴承,6316C3,滚动轴承,7314BECB,滚动轴承,6215,2980r/min,4.5mm/s,7.1mm/s
独山子石化分公司,炼油厂催化裂化联合车间,一催化装置/气分装置,油浆泵B-2072,220KW,否,滚动轴承,NU218EMC3+6218C3,滚动轴承,NU218EMC3,滚动轴承,7314BECB,滚动轴承,N218E,2980r/min,4.5mm/s,7.1mm/s
独山子石化分公司,炼油厂催化裂化联合车间,一催化装置/气分装置,油浆泵B-2073,132KW,否,滚动轴承,6316C3,滚动轴承,6316C3,滚动轴承,7314BECB,滚动轴承,6215,2980r/min,4.5mm/s,7.1mm/s
独山子石化分公司,炼油厂催化裂化联合车间,一催化装置/气分装置,中段循环回流泵B-2051,75KW,否,,,,,滚动轴承,7314BECB,滚动轴承,6215,2980r/min,4.5mm/s,7.1mm/s
独山子石化分公司,炼油厂催化裂化联合车间,一催化装置/气分装置,中段循环回流泵B-2052,90KW,否,,,,,滚动轴承,7314BECB,滚动轴承,6215,2980r/min,4.5mm/s,7.1mm/s
独山子石化分公司,炼油厂加氢联合车间,200万加氢裂化装置/8,分馏加热炉进料泵10213-P-203A,90KW,否,滚动轴承,6314C3,滚动轴承,6314C3,滚动轴承,7315BDB,滚动轴承,6314,2975r/min,4.5mm/s,7.1mm/s
独山子石化分公司,炼油厂加氢联合车间,200万加氢裂化装置/8,分馏加热炉进料泵10213-P-203B,90KW,否,滚动轴承,6314C3,滚动轴承,6314C3,滚动轴承,7316BDB,滚动轴承,6315,2975r/min,4.5mm/s,7.1mm/s
独山子石化分公司,炼油厂加氢联合车间,200万加氢裂化装置/8,进料泵10213-P-101A,710KW,否,滑动轴承,,滑动轴承,,滚动轴承,7315BDB,滚动轴承,6315C3,2980r/min,4.5mm/s,7.1mm/s
独山子石化分公司,炼油厂加氢联合车间,200万加氢裂化装置/8,进料泵10213-P-101B,710KW,否,滑动轴承,,滑动轴承,,滚动轴承,7315BDB,滚动轴承,6315C3,2980r/min,4.5mm/s,7.1mm/s
独山子石化分公司,炼油厂加氢联合车间,200万加氢裂化装置/8,精柴泵10213-P-204A,90KW,否,滚动轴承,6314C3,滚动轴承,6314C3,滚动轴承,7310BECBM,滚动轴承,N310ECP,2975r/min,4.5mm/s,7.1mm/s
独山子石化分公司,炼油厂加氢联合车间,200万加氢裂化装置/8,精柴泵10213-P-204B,90KW,否,滚动轴承,6314C3,滚动轴承,6314C3,滚动轴承,7310BECBM,滚动轴承,N310ECP,2975r/min,4.5mm/s,7.1mm/s
独山子石化分公司,炼油厂加氢联合车间,200万加氢裂化装置/8,轻石脑油泵10211-P-226A,75KW,否,滚动轴承,6314C3,滚动轴承,6314C3,滚动轴承,7311BECBM,滚动轴承,NU311E,2978r/min,4.5mm/s,7.1mm/s
独山子石化分公司,炼油厂加氢联合车间,200万加氢裂化装置/8,轻石脑油泵10211-P-226B,75KW,否,滚动轴承,6314C3,滚动轴承,6314C3,滚动轴承,7311BECBM,滚动轴承,NU311E,2978r/min,4.5mm/s,7.1mm/s
独山子石化分公司,炼油厂加氢联合车间,200万加氢裂化装置/8,中压贫胺液泵10211-P-220A,55KW,否,滚动轴承,6314C3,滚动轴承,6314C3,滑动轴承,,滚动轴承,6308C3,2970r/min,4.5mm/s,7.1mm/s
独山子石化分公司,炼油厂加氢联合车间,200万加氢裂化装置/8,中压贫胺液泵10211-P-220B,55KW,否,滚动轴承,6314C3,滚动轴承,6314C3,滑动轴承,,滚动轴承,6308C3,2970r/min,4.5mm/s,7.1mm/s
独山子石化分公司,炼油厂一联合车间,1000万吨蒸馏装置,常顶循油泵10201-P-109A,,,滚动轴承,NU319EMC3,滚动轴承,6319C3,滚动轴承,7314BECB,滚动轴承,NU314,1485r/min,2.8mm/s,4.5mm/s
独山子石化分公司,炼油厂一联合车间,1000万吨蒸馏装置,常顶循油泵10201-P-109B,,,滚动轴承,NU319EMC3,滚动轴承,6319C3,滚动轴承,7314BECB,滚动轴承,NU314,1485r/min,2.8mm/s,4.5mm/s
独山子石化分公司,炼油厂一联合车间,1000万吨蒸馏装置,常二线油泵10201-P-107A,,,滚动轴承,NU317EMC3,滚动轴承,6317C3,滚动轴承,7312BECB,滚动轴承,N312,2986r/min,4.5mm/s,7.1mm/s
独山子石化分公司,炼油厂一联合车间,1000万吨蒸馏装置,常二线油泵10201-P-107B,,,滚动轴承,NU317EMC3,滚动轴承,6317C3,滚动轴承,7312BECB,滚动轴承,N312,2986r/min,4.5mm/s,7.1mm/s
独山子石化分公司,炼油厂一联合车间,1000万吨蒸馏装置,常二中油泵10201-P-111A,,,滚动轴承,NU218EMC3,滚动轴承,6218C3,滚动轴承,7314BECB,滚动轴承,N314,2980r/min,4.5mm/s,7.1mm/s
独山子石化分公司,炼油厂一联合车间,1000万吨蒸馏装置,常二中油泵10201-P-111B,,,滚动轴承,NU218EMC3,滚动轴承,6218C3,滚动轴承,7314BECB,滚动轴承,N314,2980r/min,4.5mm/s,7.1mm/s
独山子石化分公司,炼油厂一联合车间,1000万吨蒸馏装置,常三线油泵10201-P-108A,,,滚动轴承,NU218EMC3,滚动轴承,6218C3,滚动轴承,7314BECB,滚动轴承,N314,2980r/min,4.5mm/s,7.1mm/s
独山子石化分公司,炼油厂一联合车间,1000万吨蒸馏装置,常三线油泵10201-P-108B,,,滚动轴承,NU218EMC3,滚动轴承,6218C3,滚动轴承,7314BECB,滚动轴承,N314,2980r/min,4.5mm/s,7.1mm/s
独山子石化分公司,炼油厂一联合车间,1000万吨蒸馏装置,常压渣油泵10201-P-112A,,,滚动轴承,NU219EMC3+6219C3,滚动轴承,NU219EMC3,滚动轴承,7314BECB,滚动轴承,N314,2985r/min,4.5mm/s,7.1mm/s
独山子石化分公司,炼油厂一联合车间,1000万吨蒸馏装置,常压渣油泵10201-P-112B,,,滑动轴承,,滑动轴承,,滑动轴承,,滚动轴承,7313BECB,2981r/min,4.5mm/s,7.1mm/s
独山子石化分公司,炼油厂一联合车间,1000万吨蒸馏装置,常一中油泵10201-P-110A,,,滚动轴承,NU224EMC3,滚动轴承,6224C3,滚动轴承,7316BECB,滚动轴承,N316,1480r/min,2.8mm/s,4.5mm/s
独山子石化分公司,炼油厂一联合车间,1000万吨蒸馏装置,常一中油泵10201-P-110B,,,滚动轴承,NU224EMC3,滚动轴承,6224C3,滚动轴承,7316BECB,滚动轴承,N316,1480r/min,2.8mm/s,4.5mm/s
独山子石化分公司,炼油厂一联合车间,1000万吨蒸馏装置,减一线及一中油泵10201-P-201A,,,滚动轴承,6318C3,滚动轴承,NU218EMC3,滚动轴承,7314BECB,滚动轴承,N314,2980r/min,4.5mm/s,7.1mm/s
独山子石化分公司,炼油厂一联合车间,1000万吨蒸馏装置,减一线及一中油泵10201-P-201B,,,滚动轴承,6318C3,滚动轴承,NU218EMC3,滚动轴承,7314BECB,滚动轴承,N314,2980r/min,4.5mm/s,7.1mm/s
独山子石化分公司,炼油厂一联合车间,1000万吨蒸馏装置,洗涤油泵10201-P-204A,,,滚动轴承,6218C3,滚动轴承,6218C3,滚动轴承,7310BECB,滚动轴承,N310,2976r/min,4.5mm/s,7.1mm/s
独山子石化分公司,炼油厂一联合车间,1000万吨蒸馏装置,洗涤油泵10201-P-204B,,,滚动轴承,NU317EMC3,滚动轴承,6317C3,滚动轴承,7310BECB,滚动轴承,N310,2986r/min,4.5mm/s,7.1mm/s
独山子石化分公司,炼油厂重整加氢联合车间,100万吨蜡油加氢装置,柴油泵P-1009A,37KW,否,滚动轴承,6312C3,滚动轴承,6312C3,滑动轴承,,滚动轴承,7307BDB,2958r/min,4.5mm/s,7.1mm/s
独山子石化分公司,炼油厂重整加氢联合车间,100万吨蜡油加氢装置,柴油泵P-1009B,37KW,否,滚动轴承,6312C3,滚动轴承,6312C3,滑动轴承,,滚动轴承,7307BDB,2958r/min,4.5mm/s,7.1mm/s
独山子石化分公司,炼油厂重整加氢联合车间,100万吨蜡油加氢装置,高压贫溶剂泵P-4001A,220KW,否,滚动轴承,6318C3,滚动轴承,NU216EMC3,滑动轴承,,滑动轴承,,2970r/min,4.5mm/s,7.1mm/s
独山子石化分公司,炼油厂重整加氢联合车间,100万吨蜡油加氢装置,高压贫溶剂泵P-4001B,220KW,否,滚动轴承,6318C3,滚动轴承,NU216EMC3,滑动轴承,,滑动轴承,,2970r/min,4.5mm/s,7.1mm/s
独山子石化分公司,炼油厂重整加氢联合车间,100万吨蜡油加氢装置,加氢进料泵P-1001A,1250KW,否,滑动轴承,,滑动轴承,,滑动轴承,,滑动轴承,,2980r/min,4.5mm/s,7.1mm/s
独山子石化分公司,炼油厂重整加氢联合车间,100万吨蜡油加氢装置,加氢进料泵P-1001B,1250KW,否,滑动轴承,,滑动轴承,,滑动轴承,,滑动轴承,,2980r/min,4.5mm/s,7.1mm/s
独山子石化分公司,炼油厂重整加氢联合车间,100万吨蜡油加氢装置,脱硫化氢汽提塔底泵P-1006A,90KW,否,滚动轴承,6316C3,滚动轴承,6316C3,滚动轴承,7310BDB,滚动轴承,N310,2980r/min,4.5mm/s,7.1mm/s
独山子石化分公司,炼油厂重整加氢联合车间,100万吨蜡油加氢装置,脱硫化氢汽提塔底泵P-1006B,90KW,否,滚动轴承,6316C3,滚动轴承,6316C3,滚动轴承,7310BDB,滚动轴承,N310,2980r/min,4.5mm/s,7.1mm/s
独山子石化分公司,乙烯厂二联合车间,分离装置,丙二烯转化器循环泵10-P-414A,,,滚动轴承,6309,滚动轴承,6308,滚动轴承,7311 BECBM,滚动轴承,3212A,2920r/min,4.5mm/s,7.1mm/s
独山子石化分公司,乙烯厂二联合车间,分离装置,丙二烯转化器循环泵10-P-414B,,,滚动轴承,6309,滚动轴承,6308,滚动轴承,7311 BECBM,滚动轴承,3212A,2920r/min,4.5mm/s,7.1mm/s
独山子石化分公司,乙烯厂二联合车间,分离装置,丙二烯转化器循环泵10-P-414C,,,滚动轴承,6309,滚动轴承,6308,滚动轴承,31311/Q,滚动轴承,3212,2926r/min,4.5mm/s,7.1mm/s
独山子石化分公司,乙烯厂二联合车间,分离装置,低压脱丙烷塔产品泵10-P-413A,,,滚动轴承,N217,滚动轴承,6217,滚动轴承,6308/C3,滚动轴承,308TN9/C3,2960r/min,4.5mm/s,7.1mm/s
独山子石化分公司,乙烯厂二联合车间,分离装置,低压脱丙烷塔产品泵10-P-413B,,,滚动轴承,N217,滚动轴承,6217,滚动轴承,6308/C3,滚动轴承,308TN9/C3,2960r/min,4.5mm/s,7.1mm/s
独山子石化分公司,乙烯厂二联合车间,分离装置,二号丙烯精馏塔回流泵10-P-411A,,,滚动轴承,N217,滚动轴承,6217C3,滚动轴承,7311 BECBM,滚动轴承,3212A,2965r/min,4.5mm/s,7.1mm/s
独山子石化分公司,乙烯厂二联合车间,分离装置,二号丙烯精馏塔回流泵10-P-411B,,,滚动轴承,6314,滚动轴承,6314,滚动轴承,7311 BECBM,滚动轴承,3212A,2970r/min,4.5mm/s,7.1mm/s
独山子石化分公司,乙烯厂二联合车间,分离装置,二号丙烯精馏塔回流泵10-P-411C,,,滚动轴承,6316C3,滚动轴承,6316C3,滚动轴承,6308/C3,滚动轴承,6308/C3,2974r/min,4.5mm/s,7.1mm/s
独山子石化分公司,乙烯厂二联合车间,分离装置,脱丙烷塔回流泵10-P-408A,,,滚动轴承,6308ZZ,滚动轴承,6305ZZ,滚动轴承,7307 BECBM,滚动轴承,NJ307 ECM,2890r/min,4.5mm/s,7.1mm/s
独山子石化分公司,乙烯厂二联合车间,分离装置,脱丙烷塔回流泵10-P-408B,,,滚动轴承,6308zz,滚动轴承,6305zz,滚动轴承,7307 BECBM,滚动轴承,NJ307 ECM,2890r/min,4.5mm/s,7.1mm/s
独山子石化分公司,乙烯厂二联合车间,分离装置,脱丙烷塔回流泵10-P-454C,,,滚动轴承,6314,滚动轴承,6314,滚动轴承,7311 BECBJ,滚动轴承,2311,2975r/min,4.5mm/s,7.1mm/s
独山子石化分公司,乙烯厂二联合车间,分离装置,脱丁烷塔回流泵10-P-412A,,,滚动轴承,6312,滚动轴承,6312,滚动轴承,7308 BECBM,滚动轴承,NU308 ECM/C3,2950r/min,4.5mm/s,7.1mm/s
独山子石化分公司,乙烯厂二联合车间,分离装置,脱丁烷塔回流泵10-P-412B,,,滚动轴承,6312,滚动轴承,6312,滚动轴承,7308 BECBM,滚动轴承,NU308 ECM/C3,2950r/min,4.5mm/s,7.1mm/s
独山子石化分公司,乙烯厂二联合车间,分离装置,脱甲烷塔底泵10-P-301C,,,滚动轴承,6314,滚动轴承,6314,滚动轴承,7214 BECBJ,滚动轴承,7214 BECBJ,2970r/min,4.5mm/s,7.1mm/s
独山子石化分公司,乙烯厂二联合车间,分离装置,脱乙烷塔回流泵10-P-401A,,,滚动轴承,6309,滚动轴承,6308,滚动轴承,7311 BECBM,滚动轴承,NJ311 ECJ,2920r/min,4.5mm/s,7.1mm/s
独山子石化分公司,乙烯厂二联合车间,分离装置,脱乙烷塔回流泵10-P-401B,,,滚动轴承,6309,滚动轴承,6308,滚动轴承,7311 BECBM,滚动轴承,NJ311 ECJ,2920r/min,4.5mm/s,7.1mm/s
独山子石化分公司,乙烯厂二联合车间,分离装置,一号丙烯精馏塔回流泵10-P-410A,,,滚动轴承,N217,滚动轴承,6217,滚动轴承,7311 BECBM,滚动轴承,3212,2965r/min,4.5mm/s,7.1mm/s
独山子石化分公司,乙烯厂二联合车间,分离装置,一号丙烯精馏塔回流泵10-P-410B,,,滚动轴承,N217,滚动轴承,6217,滚动轴承,7311 BECBM,滚动轴承,3212,2965r/min,4.5mm/s,7.1mm/s
独山子石化分公司,乙烯厂二联合车间,分离装置,一号丙烯精馏塔回流泵10-P-410C,,,滚动轴承,6316C3,滚动轴承,6316C3,滚动轴承,7313 BECBM,滚动轴承,NU311 ECM/C3,2974r/min,4.5mm/s,7.1mm/s
独山子石化分公司,乙烯厂二联合车间,分离装置,乙烯精馏塔回流泵10-P-403A,,,滚动轴承,6313,滚动轴承,6313,滚动轴承,7311 BECBM,滚动轴承,3212,2970r/min,4.5mm/s,7.1mm/s
独山子石化分公司,乙烯厂二联合车间,分离装置,乙烯精馏塔回流泵10-P-403B,,,滚动轴承,6313,滚动轴承,6313,滚动轴承,7311 BECBM,滚动轴承,3212,2970r/min,4.5mm/s,7.1mm/s
独山子石化分公司,乙烯厂二联合车间,分离装置,预切割塔回流泵10-P-351A,,,滚动轴承,6209ZZ,滚动轴承,6209ZZ,滚动轴承,31308,滚动轴承,NU308 ECM/C3,2925r/min,4.5mm/s,7.1mm/s
独山子石化分公司,乙烯厂二联合车间,分离装置,预切割塔回流泵10-P-351B,,,滚动轴承,6209ZZ,滚动轴承,6209ZZ,滚动轴承,31308,滚动轴承,NU308 ECM/C3,2925r/min,4.5mm/s,7.1mm/s
独山子石化分公司,乙烯厂二联合车间,分离装置,预切割塔回流泵10-P-351C,,,滚动轴承,6209ZZ,滚动轴承,6209ZZ,滚动轴承,31308,滚动轴承,NU308 ECM/C3,2925r/min,4.5mm/s,7.1mm/s
独山子石化分公司,乙烯厂二联合车间,分离装置,预切割塔进料泵10-P-350A,,,滚动轴承,6209ZZ,滚动轴承,6209ZZ,滚动轴承,31308,滚动轴承,NU308 ECM/C3,2925r/min,4.5mm/s,7.1mm/s
独山子石化分公司,乙烯厂二联合车间,分离装置,预切割塔进料泵10-P-350B,,,滚动轴承,6209ZZ,滚动轴承,6209ZZ,滚动轴承,31308,滚动轴承,NU308 ECM/C3,2925r/min,4.5mm/s,7.1mm/s
独山子石化分公司,乙烯厂一联合车间,分离装置\加氢装置,丙烯塔回流泵10-P-5571A,,,滑动轴承,,滑动轴承,,滚动轴承,7220 BECBM,滚动轴承,6220/C3,1491r/min,2.8mm/s,4.5mm/s
独山子石化分公司,乙烯厂一联合车间,分离装置\加氢装置,丙烯塔回流泵10-P-5571S,,,滑动轴承,,滑动轴承,,滚动轴承,7220 BECBM,滚动轴承,6220/C3,1491r/min,2.8mm/s,4.5mm/s
独山子石化分公司,乙烯厂一联合车间,分离装置\加氢装置,丙烯外输泵10-P-5572A,,,滚动轴承,6316C3,滚动轴承,6316C3,滚动轴承,7315 BECBM,滚动轴承,NU315 ECM,2980r/min,4.5mm/s,7.1mm/s
独山子石化分公司,乙烯厂一联合车间,分离装置\加氢装置,丙烯外输泵10-P-5572S,,,滚动轴承,6316C3,滚动轴承,6316C3,滚动轴承,7315 BECBM,滚动轴承,NU315 ECM,2980r/min,4.5mm/s,7.1mm/s
独山子石化分公司,乙烯厂一联合车间,分离装置\加氢装置,汽油二段加氢液体循环泵10-P-6471A,,,滚动轴承,6316,滚动轴承,6316,滚动轴承,7312 BECBM,滚动轴承,NU312 ECM,2980r/min,4.5mm/s,7.1mm/s
独山子石化分公司,乙烯厂一联合车间,分离装置\加氢装置,汽油二段加氢液体循环泵10-P-6471S,,,滚动轴承,6316,滚动轴承,6316,滚动轴承,7312 BECBM,滚动轴承,NU312 ECM,2980r/min,4.5mm/s,7.1mm/s
独山子石化分公司,乙烯厂一联合车间,分离装置\加氢装置,汽油稳定塔塔底泵10-P-5671A,,,滚动轴承,6313,滚动轴承,6313,滚动轴承,7308 BECBM,滚动轴承,NU308 ECM/C3,2970r/min,4.5mm/s,7.1mm/s
独山子石化分公司,乙烯厂一联合车间,分离装置\加氢装置,汽油稳定塔塔底泵10-P-5671S,,,滚动轴承,6313,滚动轴承,6313,滚动轴承,7308 BECBM,滚动轴承,NU308 ECM/C3,2970r/min,4.5mm/s,7.1mm/s
独山子石化分公司,乙烯厂一联合车间,分离装置\加氢装置,碳三汽提塔塔底泵10-P-5471A,,,滚动轴承,6316C3,滚动轴承,6316C3,滚动轴承,7313 BECBM,滚动轴承,NU313 ECM,2975r/min,4.5mm/s,7.1mm/s
独山子石化分公司,乙烯厂一联合车间,分离装置\加氢装置,碳三汽提塔塔底泵10-P-5471S,,,滚动轴承,6316C3,滚动轴承,6316C3,滚动轴承,7313 BECBM,滚动轴承,NU313 ECM,2975r/min,4.5mm/s,7.1mm/s
独山子石化分公司,乙烯厂一联合车间,分离装置\加氢装置,脱丙烷塔回流泵10-P-5171A,,,滚动轴承,6317C4,滚动轴承,6320C4,滚动轴承,7317 BECBM,滚动轴承,7317 BECBM,2981r/min,4.5mm/s,7.1mm/s
独山子石化分公司,乙烯厂一联合车间,分离装置\加氢装置,脱丙烷塔回流泵10-P-5171S,,,滚动轴承,6317C4,滚动轴承,6320C4,滚动轴承,7317 BECBM,滚动轴承,7317 BECBM,2981r/min,4.5mm/s,7.1mm/s
独山子石化分公司,乙烯厂一联合车间,分离装置\加氢装置,脱戊烷塔塔底泵10-P-6671A,,,滚动轴承,6310,滚动轴承,6310,滚动轴承,7312 BECBM,滚动轴承,NU312 ECM,1470r/min,2.8mm/s,4.5mm/s
独山子石化分公司,乙烯厂一联合车间,分离装置\加氢装置,脱戊烷塔塔底泵10-P-6671S,,,滚动轴承,6310,滚动轴承,6310,滚动轴承,7312 BECBM,滚动轴承,NU312 ECM,1470r/min,2.8mm/s,4.5mm/s
独山子石化分公司,乙烯厂一联合车间,分离装置\加氢装置,脱辛烷塔塔底泵10-P-6772A,,,滚动轴承,6316,滚动轴承,6316,滚动轴承,7310B,滚动轴承,NU310E,2980r/min,4.5mm/s,7.1mm/s
独山子石化分公司,乙烯厂一联合车间,分离装置\加氢装置,脱辛烷塔塔底泵10-P-6772S,,,滚动轴承,6316,滚动轴承,6316,滚动轴承,7310B,滚动轴承,NU310E,2980r/min,4.5mm/s,7.1mm/s
独山子石化分公司,乙烯厂一联合车间,分离装置\加氢装置,脱乙烷塔回流泵10-P-3871A,,,滚动轴承,6316C3,滚动轴承,6316C3,滚动轴承,7311 BECBM,滚动轴承,6213M,2975r/min,4.5mm/s,7.1mm/s
独山子石化分公司,乙烯厂一联合车间,分离装置\加氢装置,脱乙烷塔回流泵10-P-3871S,,,滚动轴承,NU217C3,滚动轴承,6217C3,滚动轴承,7311 BECBM,滚动轴承,6213M,2980r/min,4.5mm/s,7.1mm/s
